country,description,country_photo,country_flag_photo,country_coats_of_arm_photo,country_motto,country_motto_wiki,country_anthem_title,country_anthem_media,country_anthem_wiki,source,source_url,mapId,lon,lat,notes
Angola,"Angola,officially the Republic of Angola, is a country on the west-central coast of Southern Africa. It is the second-largest Portuguese-speaking (Lusophone) country after Brazil in both total area and population and is the seventh-largest country in Africa. It is bordered by Namibia to the south, the Democratic Republic of the Congo to the north, Zambia to the east, and the Atlantic Ocean to the west. Angola has an exclave province, the province of Cabinda, that borders the Republic of the Congo and the Democratic Republic of the Congo. The capital and most populous city is Luanda.",,https://upload.wikimedia.org/wikipedia/commons/thumb/9/9d/Flag_of_Angola.svg/250px-Flag_of_Angola.svg.png,https://upload.wikimedia.org/wikipedia/commons/thumb/f/ff/Emblem_of_Angola.svg/250px-Emblem_of_Angola.svg.png,Virtus Unita Fortior,,Angola Avante,https://en.wikipedia.org/wiki/File:Angolan-National-Anthem-_US-Navy-Band.ogg,https://en.wikipedia.org/wiki/Angola_Avante,Wikipedia,https://en.wikipedia.org/wiki/Angola,54,17.54533519,-12.29365563,Their coat of arms is an emblem
Antigua & Barbuda,"Antigua and Barbuda is a sovereign archipelagic country in the Caribbean composed of Antigua, Barbuda, and numerous other small islands. Antigua and Barbuda has a total area of 440 km2 (170 sq mi), making it one of the smallest countries in the Caribbean. The country is mostly flat, with the highest points on Antigua being in the Shekerley Mountains and on Barbuda the Highlands. The country has a tropical savanna climate, with pockets of tropical monsoon in Antigua's southwest. Its most populated city is St. John's, followed by All Saints and Bolans. Most of the country resides in the corridor between St. John's and English Harbour.",,https://upload.wikimedia.org/wikipedia/commons/thumb/8/89/Flag_of_Antigua_and_Barbuda.svg/250px-Flag_of_Antigua_and_Barbuda.svg.png,https://upload.wikimedia.org/wikipedia/commons/thumb/3/30/Coat_of_arms_of_Antigua_and_Barbuda.svg/250px-Coat_of_arms_of_Antigua_and_Barbuda.svg.png,"Each endeavouring, all achieving",,"Fair Antigua, We Salute Thee",https://en.wikipedia.org/wiki/File:Antigua_and_Barbuda_National_Anthem.ogg,"https://en.wikipedia.org/wiki/Fair_Antigua,_We_Salute_Thee",Wikipedia,https://en.wikipedia.org/wiki/Antigua_and_Barbuda,38,-61.79871012,17.07766464,
Argentina,"Argentina, officially the Argentine Republic, is a country in the southern half of South America. It covers an area of 2,780,085 km2 (1,073,397 sq mi), making it the second-largest country in South America after Brazil, the fourth-largest country in the Americas, and the eighth-largest country in the world. Argentina shares the bulk of the Southern Cone with Chile to the west, and is also bordered by Bolivia and Paraguay to the north, Brazil to the northeast, Uruguay and the South Atlantic Ocean to the east, and the Drake Passage to the south. Argentina is a federal state subdivided into twenty-three provinces, and one autonomous city, which is the federal capital and largest city of the nation, Buenos Aires. The provinces and the capital have their own constitutions, but exist under a federal system. Argentina claims sovereignty over the Falkland Islands, South Georgia and the South Sandwich Islands, the Southern Patagonian Ice Field, and a part of Antarctica.",,https://upload.wikimedia.org/wikipedia/commons/thumb/1/1a/Flag_of_Argentina.svg/250px-Flag_of_Argentina.svg.png,https://upload.wikimedia.org/wikipedia/commons/thumb/f/ff/Coat_of_arms_of_Argentina.svg/250px-Coat_of_arms_of_Argentina.svg.png,En unión y libertad,,Himno Nacional Argentino,https://en.wikipedia.org/wiki/File:United_States_Navy_Band_-_Himno_Nacional_Argentino.ogg,https://en.wikipedia.org/wiki/Argentine_National_Anthem,Wikipedia,https://en.wikipedia.org/wiki/Argentina,45,-65.07154211,-35.49575818,
Australia,"Australia, officially the Commonwealth of Australia, is a country comprising the mainland of the Australian continent, the island of Tasmania and numerous smaller islands. It has a total area of 7,688,287 km2 (2,968,464 sq mi), making it the sixth-largest country in the world and the largest in Oceania. Australia is the world's flattest and driest inhabited continent. It is a megadiverse country, and its size gives it a wide variety of landscapes and climates including deserts in the interior and tropical rainforests along the coast.",,https://upload.wikimedia.org/wikipedia/commons/thumb/8/88/Flag_of_Australia_%28converted%29.svg/250px-Flag_of_Australia_%28converted%29.svg.png,https://upload.wikimedia.org/wikipedia/commons/thumb/c/c5/Coat_of_arms_of_the_Commonwealth_of_Australia.svg/250px-Coat_of_arms_of_the_Commonwealth_of_Australia.svg.png,,,Advance Australia Fair,https://en.wikipedia.org/wiki/File:Advance_Australia_Fair.ogg,https://en.wikipedia.org/wiki/Advance_Australia_Fair,Wikipedia,https://en.wikipedia.org/wiki/Australia,36,134.4840312,-25.70993157,
Bahamas,"The Bahamas, officially the Commonwealth of The Bahamas, is an island country located within the Lucayan Archipelago. It contains 97 per cent of the archipelago's land area and 88 per cent of its population. It comprises more than 3,000 islands, cays and islets in the Atlantic Ocean, located north of Cuba and north-west of the island of Hispaniola (split between the Dominican Republic and Haiti) and the Turks and Caicos Islands, southeast of the U.S. state of Florida and east of the Florida Keys. The capital and largest city is Nassau on the island of New Providence. The Royal Bahamas Defence Force describes the Bahamas' territory as encompassing 470,000 km2 (180,000 sq mi) of ocean space.",,https://upload.wikimedia.org/wikipedia/commons/thumb/9/93/Flag_of_the_Bahamas.svg/250px-Flag_of_the_Bahamas.svg.png,https://upload.wikimedia.org/wikipedia/commons/thumb/8/8a/Coat_of_arms_of_the_Bahamas.svg/250px-Coat_of_arms_of_the_Bahamas.svg.png,"Forward, Upward, Onward, Together",,"March On, Bahamaland",https://en.wikipedia.org/wiki/File:National_anthem_of_the_Bahamas.oga,"https://en.wikipedia.org/wiki/March_On,_Bahamaland",Wikipedia,https://en.wikipedia.org/wiki/The_Bahamas,19,-77.37122,25.04082,
Barbados,Barbados is an island country in the Caribbean located in the Atlantic Ocean. It is part of the Lesser Antilles of the West Indies and the easternmost island of the Caribbean region. It lies on the boundary of the South American and Caribbean plates. Its capital and largest city is Bridgetown.,,https://upload.wikimedia.org/wikipedia/commons/thumb/e/ef/Flag_of_Barbados.svg/250px-Flag_of_Barbados.svg.png,https://upload.wikimedia.org/wikipedia/commons/thumb/1/1b/Coat_of_arms_of_Barbados_%283%29.svg/250px-Coat_of_arms_of_Barbados_%283%29.svg.png,Pride and Industry,,National Anthem of Barbados,https://en.wikipedia.org/wiki/File:United_States_Navy_Band_-_In_Plenty_and_In_Time_of_Need.ogg,https://en.wikipedia.org/wiki/National_Anthem_of_Barbados,Wikipedia,https://en.wikipedia.org/wiki/Barbados,12,-59.55642448,13.17222198,
Belize,"Belize is a country on the north-eastern coast of Central America. It is bordered by Mexico to the north, the Caribbean Sea to the east, and Guatemala to the west and south. It also shares a maritime boundary with Honduras to the southeast. Despite being in central America, Belize identifies with the Caribbean region, and is a member of the Caribbean Community (CARICOM) and the Commonwealth Caribbean, the historical British West Indies.",,https://upload.wikimedia.org/wikipedia/commons/thumb/e/e7/Flag_of_Belize.svg/250px-Flag_of_Belize.svg.png,https://upload.wikimedia.org/wikipedia/commons/thumb/d/dd/Coat_of_arms_of_Belize.svg/250px-Coat_of_arms_of_Belize.svg.png,Sub umbra floreo,,Land of the Free,https://en.wikipedia.org/wiki/File:Land_of_the_Free_instrumental.ogg,https://en.wikipedia.org/wiki/Land_of_the_Free_(anthem),Wikipedia,https://en.wikipedia.org/wiki/Belize,33,-88.69496155,17.20905026,
Bermuda,"Bermuda is a British Overseas Territory in the North Atlantic Ocean. The closest land outside the territory is in the United States state of North Carolina, about 1,035 km (643 mi) to the west-northwest.
Bermuda is an archipelago consisting of 181 islands, although the most significant islands are connected by bridges and appear to form one landmass. It has a land area of 54 square kilometres (21 sq mi). Bermuda has a tropical climate, with warm winters and hot summers. Its climate also exhibits oceanic features similar to other coastal areas in the Northern Hemisphere with warm, moist air from the ocean ensuring relatively high humidity and stabilising temperatures. Bermuda is prone to severe weather from recurving tropical cyclones; however, it receives some protection from a coral reef and its position north of the Main Development Region, which limits the direction and severity of approaching storms.",,https://upload.wikimedia.org/wikipedia/commons/thumb/b/bf/Flag_of_Bermuda.svg/330px-Flag_of_Bermuda.svg.png,https://upload.wikimedia.org/wikipedia/commons/thumb/5/58/Coat_of_arms_of_Bermuda.svg/250px-Coat_of_arms_of_Bermuda.svg.png,Quo Fata Ferunt,,God Save the King,https://en.wikipedia.org/wiki/File:United_States_Navy_Band_-_God_Save_the_Queen.oga,https://en.wikipedia.org/wiki/God_Save_the_King,Wikipedia,https://en.wikipedia.org/wiki/Bermuda,51,-64.77004184,32.30681773,
Bonaire,"Bonaire is a Caribbean island in the Leeward Antilles, and is a special municipality (officially ""public body"") of the Netherlands. Its capital is the port of Kralendijk, on the west (leeward) coast of the island. Aruba, Bonaire and Curaçao form the ABC islands, 80 km (50 miles) off the coast of Venezuela. The islands have an arid climate that attracts visitors seeking warm, sunny weather all year round, and they lie outside the Main Development Region for tropical cyclones. Bonaire is a popular snorkeling and scuba diving destination because of its multiple shore diving sites, shipwrecks and easy access to the island's fringing reefs.",,https://upload.wikimedia.org/wikipedia/commons/thumb/1/1e/Flag_of_Bonaire.svg/250px-Flag_of_Bonaire.svg.png,https://upload.wikimedia.org/wikipedia/commons/thumb/c/cf/Bonaire_wapen.svg/250px-Bonaire_wapen.svg.png,,,Tera di Solo y Suave Biento,https://en.wikipedia.org/wiki/File:Teradisoloisuavebiento.ogg,https://en.wikipedia.org/wiki/Tera_di_Solo_y_Suave_Biento,Wikipedia,https://en.wikipedia.org/wiki/Bonaire,32,-68.29445,12.21286,
Brazil,"Brazil, officially the Federative Republic of Brazil, is the largest country in South America. It is also the world's fifth-largest country by area and the seventh-largest by population, with over 213 million people. The country is a federation composed of 26 states and a Federal District, which hosts the capital, Brasília. Its most populous city is São Paulo, followed by Rio de Janeiro. Brazil has the most Portuguese speakers in the world and is the only country in the Americas where Portuguese is an official language.",,https://upload.wikimedia.org/wikipedia/en/thumb/0/05/Flag_of_Brazil.svg/250px-Flag_of_Brazil.svg.png,https://upload.wikimedia.org/wikipedia/commons/thumb/b/bf/Coat_of_arms_of_Brazil.svg/250px-Coat_of_arms_of_Brazil.svg.png,Ordem e Progresso,,Hino Nacional Brasileiro,https://en.wikipedia.org/wiki/File:Hino_Nacional_Brasileiro_Coral_BDMG.ogg,https://en.wikipedia.org/wiki/Brazilian_National_Anthem,Wikipedia,https://en.wikipedia.org/wiki/Brazil,35,-53.07346689,-10.76994643,
British Virgin Islands,"The British Virgin Islands (BVI), officially the Virgin Islands, are a British Overseas Territory in the Caribbean, to the east of Puerto Rico and the US Virgin Islands and north-west of Anguilla. The islands are geographically part of the Virgin Islands archipelago and are located in the Leeward Islands of the Lesser Antilles and part of the West Indies.",,https://upload.wikimedia.org/wikipedia/commons/thumb/4/42/Flag_of_the_British_Virgin_Islands.svg/330px-Flag_of_the_British_Virgin_Islands.svg.png,https://upload.wikimedia.org/wikipedia/commons/thumb/0/05/Coat_of_arms_of_the_British_Virgin_Islands.svg/250px-Coat_of_arms_of_the_British_Virgin_Islands.svg.png,Vigilate,,God Save the King,https://en.wikipedia.org/wiki/File:United_States_Navy_Band_-_God_Save_the_Queen.oga,https://en.wikipedia.org/wiki/God_Save_the_King,Wikipedia,https://en.wikipedia.org/wiki/British_Virgin_Islands,63,-64.5942075,18.43030834,
Cameroon,"Cameroon, officially the Republic of Cameroon, is a country in Central Africa. It shares boundaries with Nigeria to the west and north, Chad to the northeast, the Central African Republic to the east, and Equatorial Guinea, Gabon, and the Republic of the Congo to the south. Its coastline lies on the Bight of Biafra, part of the Gulf of Guinea, and the Atlantic Ocean. Due to its strategic position at the crossroads between West Africa and Central Africa, it has been categorized as being in both geostrategic locations. Cameroon's population of nearly 31 million people speak 250 native languages, in addition to the national tongues of English and French. The capital city of the country is Yaoundé.",,https://upload.wikimedia.org/wikipedia/commons/thumb/4/4f/Flag_of_Cameroon.svg/250px-Flag_of_Cameroon.svg.png,https://upload.wikimedia.org/wikipedia/commons/thumb/b/b5/Coat_of_arms_of_Cameroon.svg/250px-Coat_of_arms_of_Cameroon.svg.png,Paix – Travail – Patrie,,Chant de Ralliement,https://en.wikipedia.org/wiki/File:Instrumental-national-anthem-Cameroon.ogg,"https://en.wikipedia.org/wiki/O_Cameroon,_Cradle_of_Our_Forefathers",Wikipedia,https://en.wikipedia.org/wiki/Cameroon,47,12.73861056,5.673797208,
Canada,"Canada is a country in North America. Its ten provinces and three territories extend from the Atlantic Ocean to the Pacific Ocean and northward into the Arctic Ocean, making it the second-largest country by total area, with the longest coastline of any country. Its border with the United States is the longest international land border. The country is characterized by a wide range of both meteorologic and geological regions. With a population of over 41 million, it has widely varying population densities, with the majority residing in its urban areas and large areas being sparsely populated. Canada's capital is Ottawa and its three largest metropolitan areas are Toronto, Montreal, and Vancouver.",,https://upload.wikimedia.org/wikipedia/commons/thumb/d/d9/Flag_of_Canada_%28Pantone%29.svg/250px-Flag_of_Canada_%28Pantone%29.svg.png,,A mari usque ad mare,,O Canada,"https://en.wikipedia.org/wiki/File:%22O_Canada%22-%C2%AB%C3%94_Canada%C2%BB,_performed_by_the_National_Band_of_the_Naval_Reserve.oga",https://en.wikipedia.org/wiki/O_Canada,Wikipedia,https://en.wikipedia.org/wiki/Canada,24,-113.64258,60.10867,
Chile,"Chile, officially the Republic of Chile, is a country in western South America. It is the southernmost country in the world and the closest to Antarctica, stretching along a narrow strip of land between the Andes Mountains and the Pacific Ocean. Chile had a population of 17.5 million as of the latest census in 2017 and has a territorial area of 756,102 square kilometers (291,933 sq mi), sharing borders with Peru to the north, Bolivia to the northeast, Argentina to the east, and the Drake Passage to the south. The country also controls several Pacific islands, including Juan Fernández, Isla Salas y Gómez, Desventuradas, and Easter Island, and claims about 1,250,000 square kilometers (480,000 sq mi) of Antarctica as the Chilean Antarctic Territory. The capital and largest city of Chile is Santiago, and the national language is Spanish.",,https://upload.wikimedia.org/wikipedia/commons/thumb/7/78/Flag_of_Chile.svg/250px-Flag_of_Chile.svg.png,https://upload.wikimedia.org/wikipedia/commons/thumb/0/0e/Coat_of_arms_of_Chile_%28c%29.svg/250px-Coat_of_arms_of_Chile_%28c%29.svg.png,Por la razón o la fuerza,,Himno Nacional de Chile,https://en.wikipedia.org/wiki/File:United_States_Navy_Band_-_National_Anthem_of_Chile.ogg,https://en.wikipedia.org/wiki/National_Anthem_of_Chile,Wikipedia,https://en.wikipedia.org/wiki/Chile,49,-71,-30,
Colombia,"Colombia, officially the Republic of Colombia, is a country primarily located in South America with insular regions in North America. The Colombian mainland is bordered by the Caribbean Sea to the north, Venezuela to the east and northeast, Brazil to the southeast, Peru and Ecuador to the south and southwest, the Pacific Ocean to the west, and Panama to the northwest. Colombia is divided into 32 departments. The Capital District of Bogotá is also the country's largest city hosting the main financial and cultural hub. Other major urban areas include Medellín, Cali, Barranquilla, Cartagena, Santa Marta, Cúcuta, Ibagué, Villavicencio and Bucaramanga. It covers an area of 1,141,748 square kilometers (440,831 sq mi) and has a population of around 52 million. Its rich cultural heritage—including language, religion, cuisine, and art—reflects its history as a colony, fusing cultural elements brought by immigration from Europe and the Middle East, with those brought by the African diaspora, as well as with those of the various Indigenous civilizations that predate colonization. Spanish is the official language, although Creole, English and 64 other languages are recognized regionally.",,https://upload.wikimedia.org/wikipedia/commons/thumb/2/21/Flag_of_Colombia.svg/250px-Flag_of_Colombia.svg.png,https://upload.wikimedia.org/wikipedia/commons/thumb/e/ef/Coat_of_arms_of_Colombia.svg/250px-Coat_of_arms_of_Colombia.svg.png,Libertad y Orden,,Himno Nacional de la República de Colombia ,"https://en.wikipedia.org/wiki/File:United_States_Navy_Band_-_%C2%A1Oh,_gloria_inmarcesible!.ogg",https://en.wikipedia.org/wiki/National_Anthem_of_Colombia,Wikipedia,https://en.wikipedia.org/wiki/Colombia,66,-73.07575492,3.901115804,
Cuba,"Cuba, officially the Republic of Cuba, is an island country in the Caribbean, comprising the island of Cuba (largest island), Isla de la Juventud, and 4,195 islands, islets and cays surrounding the main island. It is located where the northern Caribbean Sea, Gulf of Mexico, and Atlantic Ocean meet. Cuba is located east of the Yucatán Peninsula, south of both Florida (the United States) and the Bahamas, west of Hispaniola (Haiti and the Dominican Republic), and north of Jamaica and the Cayman Islands. Havana is the largest city and capital. Cuba is the third-most populous country in the Caribbean after Haiti and the Dominican Republic, with about 10 million inhabitants. It is the largest country in the Caribbean by area.",,https://upload.wikimedia.org/wikipedia/commons/thumb/b/bd/Flag_of_Cuba.svg/250px-Flag_of_Cuba.svg.png,https://upload.wikimedia.org/wikipedia/commons/thumb/5/58/Coat_of_arms_of_Cuba.svg/250px-Coat_of_arms_of_Cuba.svg.png,"Patria o Muerte, Venceremos",,La Bayamesa,"https://en.wikipedia.org/wiki/File:Cuban_national_anthem_(abridged_version),_performed_by_the_U.S._Navy_Band.oga",https://en.wikipedia.org/wiki/La_Bayamesa,Wikipedia,https://en.wikipedia.org/wiki/Cuba,14,-79.5,22,
Curaçao,"Curaçao, officially the Country of Curaçao, is a constituent island country within the Kingdom of the Netherlands, located in the southern Caribbean Sea (specifically the Dutch Caribbean region), about 65 km (40 mi) north of Venezuela and 80 km (50 mi) southeast of Aruba. Curaçao includes the main island of Curaçao, and the much smaller, uninhabited island of Klein Curaçao (""Little Curaçao"").",,https://upload.wikimedia.org/wikipedia/commons/thumb/b/b1/Flag_of_Cura%C3%A7ao.svg/250px-Flag_of_Cura%C3%A7ao.svg.png,https://upload.wikimedia.org/wikipedia/commons/thumb/8/89/Cura%C3%A7ao_wapen.svg/250px-Cura%C3%A7ao_wapen.svg.png,,,Himno di Kòrsou,https://en.wikipedia.org/wiki/File:Curacaoanthem.ogg,https://en.wikipedia.org/wiki/Himno_di_K%C3%B2rsou,Wikipedia,https://en.wikipedia.org/wiki/Cura%C3%A7ao,44,-68.97143528,12.19350742,
Dominica,"Dominica, officially the Commonwealth of Dominica, is an island country in the Caribbean. It is part of the Windward Islands chain in the Lesser Antilles archipelago in the Caribbean Sea. The capital, Roseau, is located on the western side of the island. Dominica's closest neighbours are two constituent territories of the European Union, both overseas departments of France: Guadeloupe to the northwest and Martinique to the south-southeast. Dominica comprises a land area of 750 km2 (290 sq mi), and the highest point is Morne Diablotins, at 1,447 m (4,747 ft) in elevation. The population was 71,293 at the 2011 census.",,https://upload.wikimedia.org/wikipedia/commons/thumb/c/c4/Flag_of_Dominica.svg/250px-Flag_of_Dominica.svg.png,https://upload.wikimedia.org/wikipedia/commons/thumb/4/40/Coat_of_arms_of_Dominica.svg/250px-Coat_of_arms_of_Dominica.svg.png,"Apres Bondie, C'est La Ter",,"Isle of Beauty, Isle of Splendour",https://en.wikipedia.org/wiki/File:National_Anthem_of_Dominica_by_US_Navy_Band.ogg,"https://en.wikipedia.org/wiki/Isle_of_Beauty,_Isle_of_Splendour",Wikipedia,https://en.wikipedia.org/wiki/Dominica,10,-61.35007388,15.43465728,
Dominican Republic,"The Dominican Republic is a country in the Caribbean located on the island of Hispaniola in the Greater Antilles of the Caribbean Sea in the North Atlantic Ocean. It shares a maritime border with Puerto Rico to the east and a land border with Haiti to the west, occupying the eastern five-eighths of Hispaniola which, along with Saint Martin, is one of only two islands in the Caribbean shared by two sovereign states. In the Antilles, the country is the second-largest nation by area after Cuba at 48,671 square kilometers (18,792 sq mi) and second-largest by population after Haiti with approximately 11.4 million people in 2024, of whom 3.6 million reside in the metropolitan area of Santo Domingo, the capital city.",,https://upload.wikimedia.org/wikipedia/commons/thumb/9/9f/Flag_of_the_Dominican_Republic.svg/250px-Flag_of_the_Dominican_Republic.svg.png,https://upload.wikimedia.org/wikipedia/commons/thumb/2/26/Coat_of_arms_of_the_Dominican_Republic.svg/250px-Coat_of_arms_of_the_Dominican_Republic.svg.png,"Dios, Patria, Libertad",,Quisqueyanos valientes,https://en.wikipedia.org/wiki/File:Dominican_Republic_National_Anthem.ogg,https://en.wikipedia.org/wiki/National_Anthem_of_the_Dominican_Republic,Wikipedia,https://en.wikipedia.org/wiki/Dominican_Republic,9,-70.49003617,18.89668483,
El Salvador,"El Salvador, officially the Republic of El Salvador, is a country in Central America. It is bordered on the northeast by Honduras, on the northwest by Guatemala, and on the south by the Pacific Ocean. El Salvador's capital and largest city is San Salvador. El Salvador's population in 2024 was estimated to be 6 million.",,https://upload.wikimedia.org/wikipedia/commons/thumb/3/34/Flag_of_El_Salvador.svg/250px-Flag_of_El_Salvador.svg.png,https://upload.wikimedia.org/wikipedia/commons/thumb/e/e6/Coat_of_arms_of_El_Salvador.svg/250px-Coat_of_arms_of_El_Salvador.svg.png,"Dios, Unión, Libertad",,Himno Nacional de El Salvador,https://en.wikipedia.org/wiki/File:El_Salvador%27s_national_anthem_(abridged).ogg,https://en.wikipedia.org/wiki/National_Anthem_of_El_Salvador,Wikipedia,https://en.wikipedia.org/wiki/El_Salvador,30,-88.86567455,13.73346847,
England,"England is a country that is part of the United Kingdom. It is located on the island of Great Britain, of which it covers about 62%, and more than 100 smaller adjacent islands. England shares a land border with Scotland to the north and another land border with Wales to the west, and is otherwise surrounded by the North Sea to the east, the English Channel to the south, the Celtic Sea to the south-west, and the Irish Sea to the west. Continental Europe lies to the south-east, and Ireland to the west. At the 2021 census, the population was 56,490,048. London is both the largest city and the capital.",,https://upload.wikimedia.org/wikipedia/en/thumb/b/be/Flag_of_England.svg/250px-Flag_of_England.svg.png,,,,God Save the King,https://en.wikipedia.org/wiki/File:United_States_Navy_Band_-_God_Save_the_Queen.oga,https://en.wikipedia.org/wiki/God_Save_the_King,Wikipedia,https://en.wikipedia.org/wiki/England,11,-1.458627594,52.59273448,
Finland,"Finland, officially the Republic of Finland, is a Nordic country in Northern Europe. It borders Sweden to the northwest, Norway to the north, and Russia to the east, with the Gulf of Bothnia to the west and the Gulf of Finland to the south, opposite Estonia. Finland has a population of 5.6 million, the majority being ethnic Finns. Its capital and largest city is Helsinki. The official languages are Finnish and Swedish, the mother tongues of 84.1 percent and 5.1 percent of the population, respectively. Finland's climate varies from humid continental in the south to boreal in the north. Its land is predominantly covered by boreal forest, with over 180,000 recorded lakes.",,https://upload.wikimedia.org/wikipedia/commons/thumb/b/bc/Flag_of_Finland.svg/250px-Flag_of_Finland.svg.png,https://upload.wikimedia.org/wikipedia/commons/thumb/c/cc/Coat_of_arms_of_Finland_2.svg/250px-Coat_of_arms_of_Finland_2.svg.png,,,Maamme,https://en.wikipedia.org/wiki/File:United_States_Navy_Band_-_Maamme.ogg,https://en.wikipedia.org/wiki/Maamme,Wikipedia,https://en.wikipedia.org/wiki/Finland,56,26.15883438,64.5225128,
France,"France, officially the French Republic, is a country primarily located in Western Europe. Its overseas regions and territories include French Guiana in South America, Saint Pierre and Miquelon in the North Atlantic, the French West Indies, and many islands in Oceania and the Indian Ocean, giving it the largest discontiguous exclusive economic zone in the world. Metropolitan France shares borders with Belgium and Luxembourg to the north; Germany to the northeast; Switzerland to the east; Italy and Monaco to the southeast; Andorra and Spain to the south; and a maritime border with the United Kingdom to the northwest. Its metropolitan area extends from the Rhine to the Atlantic Ocean and from the Mediterranean Sea to the English Channel and the North Sea. Its 18 integral regions—five of which are overseas—span a combined area of 632,702 km2 (244,288 sq mi) and have an estimated total population of over 68.6 million as of January 2025. France is a semi-presidential republic. Its capital, largest city and main cultural and economic centre is Paris.",,https://upload.wikimedia.org/wikipedia/en/thumb/c/c3/Flag_of_France.svg/250px-Flag_of_France.svg.png,https://upload.wikimedia.org/wikipedia/commons/thumb/b/b7/Armoiries_r%C3%A9publique_fran%C3%A7aise.svg/170px-Armoiries_r%C3%A9publique_fran%C3%A7aise.svg.png,"Liberté, égalité, fraternité",,La Marseillaise,https://en.wikipedia.org/wiki/File:La_Marseillaise.ogg,https://en.wikipedia.org/wiki/La_Marseillaise,Wikipedia,https://en.wikipedia.org/wiki/France,17,2.550539953,46.55941704,Their coats of arm is an emblem
French Guiana,"French Guiana, or Guyane in French, is an overseas department and region of France located on the northern coast of South America in the Guianas and the West Indies. Bordered by Suriname to the west and Brazil to the east and south, French Guiana covers a total area of 84,000 km2 (32,000 sq mi) and a land area of 83,534 km2 (32,253 sq mi). As of January 2025, it is home to 292,354 people.",,,https://upload.wikimedia.org/wikipedia/commons/thumb/f/f5/Coat_of_arms_of_French_Guiana%2C_according_to_the_original_displayed_at_the_Museum_Franconie%2C_at_Cayenne.svg/250px-Coat_of_arms_of_French_Guiana%2C_according_to_the_original_displayed_at_the_Museum_Franconie%2C_at_Cayenne.svg.png,"Liberté, Égalité, Fraternité",,La Marseillaise,https://en.wikipedia.org/wiki/File:La_Marseillaise.ogg,https://en.wikipedia.org/wiki/La_Marseillaise,Wikipedia,https://en.wikipedia.org/wiki/French_Guiana,28,-53.23312207,3.921724136,No flag photo
Gabon,"Gabon (/ɡəˈbɒn/ gə-BON; French pronunciation: [ɡabɔ̃] ), officially the Gabonese Republic (French: République gabonaise), is a country on the Atlantic coast of Central Africa, on the equator, bordered by Equatorial Guinea to the northwest, Cameroon to the north, the Republic of the Congo to the east and south, and the Gulf of Guinea to the west. It has an area of 270,000 square kilometres (100,000 sq mi) and a population of 2.3 million people. There are coastal plains, mountains (the Cristal Mountains and the Chaillu Massif in the centre), and a savanna in the east. Libreville is the country's capital and largest city.",,https://upload.wikimedia.org/wikipedia/commons/thumb/0/04/Flag_of_Gabon.svg/250px-Flag_of_Gabon.svg.png,https://upload.wikimedia.org/wikipedia/commons/thumb/7/77/Coat_of_arms_of_Gabon.svg/250px-Coat_of_arms_of_Gabon.svg.png,"Union, Travail, Justice",,La Concorde,https://en.wikipedia.org/wiki/File:La_Concorde.ogg,https://en.wikipedia.org/wiki/La_Concorde,Wikipedia,https://en.wikipedia.org/wiki/Gabon,52,11.78175989,-0.6239040586,
Germany,"Germany, officially the Federal Republic of Germany, is a country in Central Europe. It lies between the Baltic Sea and the North Sea to the north and the Alps to the south. Its sixteen constituent states have a total population of over 82 million, making it the most populous member state of the European Union. Germany borders Denmark to the north; Poland and the Czech Republic to the east; Austria and Switzerland to the south; and France, Luxembourg, Belgium, and the Netherlands to the west. The nation's capital and most populous city is Berlin and its main financial centre is Frankfurt; the largest urban area is the Ruhr.",,https://upload.wikimedia.org/wikipedia/commons/thumb/5/5e/Flag_of_Germany_%28RGB%29.svg/250px-Flag_of_Germany_%28RGB%29.svg.png,https://upload.wikimedia.org/wikipedia/commons/thumb/d/da/Coat_of_arms_of_Germany.svg/250px-Coat_of_arms_of_Germany.svg.png,,,Das Lied der Deutschen,https://en.wikipedia.org/wiki/File:National_anthem_of_Germany_-_U.S._Army_1st_Armored_Division_Band.ogg,https://en.wikipedia.org/wiki/Deutschlandlied,Wikipedia,https://en.wikipedia.org/wiki/Germany,18,10.39227793,51.11063105,
Ghana,"Ghana, officially the Republic of Ghana, is a country in West Africa. It is situated with the Gulf of Guinea and the Atlantic Ocean to the south, and shares borders with Côte d'Ivoire to the west, Burkina Faso to the north, and Togo to the east. Ghana covers an area of 239,567 km2 (92,497 sq mi), spanning diverse ecologies, from coastal savannas to tropical rainforests. With 35 million inhabitants, Ghana is the second-most populous country in West Africa. The capital and largest city is Accra; other significant cities include Tema, Kumasi, Sunyani, Ho, Cape Coast, Techiman, Tamale, Bolga, Wa, and Sekondi-Takoradi.",,https://upload.wikimedia.org/wikipedia/commons/thumb/1/19/Flag_of_Ghana.svg/250px-Flag_of_Ghana.svg.png,https://upload.wikimedia.org/wikipedia/commons/thumb/5/59/Coat_of_arms_of_Ghana.svg/250px-Coat_of_arms_of_Ghana.svg.png,Freedom and Justice,,God Bless Our Homeland Ghana,https://en.wikipedia.org/wiki/File:National_Anthem_of_Ghana.ogg,https://en.wikipedia.org/wiki/God_Bless_Our_Homeland_Ghana,Wikipedia,https://en.wikipedia.org/wiki/Ghana,25,-1.249772342,7.980995107,
Grenada,"Grenada is an island country of the West Indies in the eastern Caribbean Sea. The southernmost of the Windward Islands, Grenada is directly south of Saint Vincent and the Grenadines and about 100 miles (160 km) north of Trinidad and the South American mainland.
Grenada consists of the island of Grenada itself, two smaller islands, Carriacou and Petite Martinique, and several small islands which lie to the north of the main island and are a part of the Grenadines. Its size is 344 square kilometres (133 sq mi), with an estimated population of 114,621 in 2024.[9] Its capital is St. George's. Grenada is also known as the ""Island of Spice"" due to its production of nutmeg and mace crops.",,https://upload.wikimedia.org/wikipedia/commons/thumb/b/bc/Flag_of_Grenada.svg/250px-Flag_of_Grenada.svg.png,https://upload.wikimedia.org/wikipedia/commons/thumb/0/03/Coat_of_arms_of_Grenada.svg/250px-Coat_of_arms_of_Grenada.svg.png,"Ever Conscious of God We Aspire, Build and Advance as One People",,Hail Grenada,https://en.wikipedia.org/wiki/File:HailGrenada.ogg,https://en.wikipedia.org/wiki/Hail_Grenada,Wikipedia,https://en.wikipedia.org/wiki/Grenada,27,-61.65964496,12.15196505,
Guadeloupe,"Guadeloupe is a French former colony now designed as both an overseas department and region of the French Republic in the Caribbean. It consists of six inhabited islands—Basse-Terre, Grande-Terre, Marie-Galante, La Désirade, and two Îles des Saintes—as well as many uninhabited islands and outcroppings. It is south of Antigua and Barbuda and Montserrat and north of Dominica. The capital city is Basse-Terre, on the southern west coast of Basse-Terre Island; the most populous city is Les Abymes and the main centre of business is neighbouring Pointe-à-Pitre, both on Grande-Terre Island. It had a population of 395,726 in 2024.",,https://upload.wikimedia.org/wikipedia/en/thumb/2/2f/Guadaloupe_logo.svg/250px-Guadaloupe_logo.svg.png,,,,La Marseillaise,https://en.wikipedia.org/wiki/File:La_Marseillaise.ogg,https://en.wikipedia.org/wiki/La_Marseillaise,Wikipedia,https://en.wikipedia.org/wiki/Guadeloupe,29,-61.65012,16.14475253,Their flag photo is the logo of the overseas France region
Guatemala,"Guatemala, officially the Republic of Guatemala, is a country in Central America. It is bordered to the north and west by Mexico, to the northeast by Belize, to the east by Honduras, and to the southeast by El Salvador. It is bounded by the Pacific Ocean to the south and the Gulf of Honduras to the northeast.",,https://upload.wikimedia.org/wikipedia/commons/thumb/e/ec/Flag_of_Guatemala.svg/250px-Flag_of_Guatemala.svg.png,https://upload.wikimedia.org/wikipedia/commons/thumb/1/15/Coat_of_arms_of_Guatemala.svg/250px-Coat_of_arms_of_Guatemala.svg.png,Libre crezca fecundo,,Himno Nacional de Guatemala,"https://en.wikipedia.org/wiki/File:National_anthem_of_Guatemala,_by_the_U.S._Navy_Band.oga",https://en.wikipedia.org/wiki/National_anthem_of_Guatemala,Wikipedia,https://en.wikipedia.org/wiki/Guatemala,15,-90.36397946,15.69723796,
Guinea,"Guinea, officially the Republic of Guinea, is a coastal country in West Africa. It borders the Atlantic Ocean to the west, Guinea-Bissau to the northwest, Senegal to the north, Mali to the northeast, Ivory Coast to the southeast, and Sierra Leone and Liberia to the south. It is sometimes referred to as Guinea-Conakry, after its capital Conakry, to distinguish it from other territories in the eponymous region, such as Guinea-Bissau and Equatorial Guinea. Guinea has a population of 14 million and an area of 245,857 square kilometres (94,926 sq mi).",,https://upload.wikimedia.org/wikipedia/commons/thumb/e/ed/Flag_of_Guinea.svg/250px-Flag_of_Guinea.svg.png,https://upload.wikimedia.org/wikipedia/commons/thumb/5/58/Coat_of_Arms_of_Guinea.svg/250px-Coat_of_Arms_of_Guinea.svg.png,"Travail, Justice, Solidarité",,Liberté,https://en.wikipedia.org/wiki/File:National_Anthem_of_Guinea_by_US_Navy_Band.ogg,https://en.wikipedia.org/wiki/Libert%C3%A9_(anthem),Wikipedia,https://en.wikipedia.org/wiki/Guinea,57,-10.94250089,10.43544594,
Guyana,"Guyana, officially the Co-operative Republic of Guyana, is a country on the northern coast of South America, that identifies with the Caribbean and was once part of the historic British West Indies. Georgetown is the capital of Guyana and is also the country's largest city. Guyana is bordered by the Atlantic Ocean to the north, Brazil to the south and southwest, Venezuela to the west, and Suriname to the east.",,https://upload.wikimedia.org/wikipedia/commons/thumb/9/99/Flag_of_Guyana.svg/250px-Flag_of_Guyana.svg.png,https://upload.wikimedia.org/wikipedia/commons/thumb/6/60/Coat_of_Arms_of_Guyana_%28relief%29.svg/250px-Coat_of_Arms_of_Guyana_%28relief%29.svg.png,"One People, One Nation, One Destiny",,Green Land of Guyana,https://en.wikipedia.org/wiki/File:National_Anthem_of_Guyana.ogg,"https://en.wikipedia.org/wiki/Dear_Land_of_Guyana,_of_Rivers_and_Plains",Wikipedia,https://en.wikipedia.org/wiki/Guyana,62,-58.97538658,4.79642268,
Haiti,"Haiti, officially the Republic of Haiti, is a country in the Caribbean on the island of Hispaniola in the Caribbean Sea, east of Cuba and Jamaica, and south of the Bahamas. It occupies the western three-eighths of the island, which it shares with the Dominican Republic. Haiti is the third largest country in the Caribbean, and with an estimated population of 11.4 million, is the most populous Caribbean country. The capital and largest city is Port-au-Prince.",,https://upload.wikimedia.org/wikipedia/commons/thumb/5/56/Flag_of_Haiti.svg/250px-Flag_of_Haiti.svg.png,https://upload.wikimedia.org/wikipedia/commons/thumb/7/75/Coat_of_arms_of_Haiti.svg/250px-Coat_of_arms_of_Haiti.svg.png,Inite se fòs,,La Dessalinienne,https://en.wikipedia.org/wiki/File:Haiti_National_Anthem.ogg,https://en.wikipedia.org/wiki/La_Dessalinienne,Wikipedia,https://en.wikipedia.org/wiki/Haiti,5,-72.3385625,18.40248133,
Honduras,"Honduras, officially the Republic of Honduras, is a country in Central America. It is bordered to the west by Guatemala, to the southwest by El Salvador, to the southeast by Nicaragua, to the south by the Pacific Ocean at the Gulf of Fonseca, and to the north by the Gulf of Honduras, a large inlet of the Caribbean Sea. Its capital and largest city is Tegucigalpa.",,https://upload.wikimedia.org/wikipedia/commons/thumb/2/2f/Flag_of_Honduras_%282022%E2%80%93present%29.svg/250px-Flag_of_Honduras_%282022%E2%80%93present%29.svg.png,https://upload.wikimedia.org/wikipedia/commons/thumb/8/81/Coat_of_arms_of_Honduras.svg/250px-Coat_of_arms_of_Honduras.svg.png,"Libre, Soberana e Independiente",,Himno Nacional de Honduras,https://en.wikipedia.org/wiki/File:Honduras_National_Anthem.ogg,https://en.wikipedia.org/wiki/National_Anthem_of_Honduras,Wikipedia,https://en.wikipedia.org/wiki/Honduras,61,-86.60026424,14.82417397,
India,"India, officially the Republic of India, is a country in South Asia. It is the seventh-largest country by area; the most populous country since 2023; and, since its independence in 1947, the world's most populous democracy. Bounded by the Indian Ocean on the south, the Arabian Sea on the southwest, and the Bay of Bengal on the southeast, it shares land borders with Pakistan to the west; China, Nepal, and Bhutan to the north; and Bangladesh and Myanmar to the east. In the Indian Ocean, India is near Sri Lanka and the Maldives; its Andaman and Nicobar Islands share a maritime border with Myanmar, Thailand, and Indonesia.",,https://upload.wikimedia.org/wikipedia/en/thumb/4/41/Flag_of_India.svg/250px-Flag_of_India.svg.png,https://upload.wikimedia.org/wikipedia/commons/thumb/5/55/Emblem_of_India.svg/120px-Emblem_of_India.svg.png,सत्यमेव जयते(Satyameva Jayate),,जन गण मन(Jana Gana Mana),https://en.wikipedia.org/wiki/File:Jana_Gana_Mana_instrumental.ogg,https://en.wikipedia.org/wiki/Jana_Gana_Mana,Wikipedia,https://en.wikipedia.org/wiki/India,40,79.44332655,23.37937974,Their coats of arm is an emblem
Ireland,"IIreland (Irish: Éire [ˈeːɾʲə] ), also known as the Republic of Ireland (Poblacht na hÉireann), is a country in Northwestern Europe. It consists of 26 of the 32 counties of the island of Ireland, with a population of about 5.4 million. Its capital and largest city is Dublin, on the eastern side of the island, with a population of over 1.5 million. The sovereign state shares its only land border with Northern Ireland, which is part of the United Kingdom. It is otherwise surrounded by the Atlantic Ocean, with the Celtic Sea to the south, St George's Channel to the south-east and the Irish Sea to the east. It is a unitary, parliamentary republic. The legislature, the Oireachtas, consists of a lower house, Dáil Éireann; an upper house, Seanad Éireann; and an elected president (Uachtarán) who serves as the largely ceremonial head of state, but with some important powers and duties. The head of government is the Taoiseach (prime minister, lit. 'chief'), elected by the Dáil and appointed by the president, who appoints other government ministers.",,https://upload.wikimedia.org/wikipedia/commons/thumb/4/45/Flag_of_Ireland.svg/330px-Flag_of_Ireland.svg.png,https://upload.wikimedia.org/wikipedia/commons/thumb/f/fe/Coat_of_arms_of_Ireland.svg/250px-Coat_of_arms_of_Ireland.svg.png,,,Amhrán na bhFiann,https://en.wikipedia.org/wiki/File:United_States_Navy_Band_-_Amhr%C3%A1n_na_bhFiann.ogg,https://en.wikipedia.org/wiki/Amhr%C3%A1n_na_bhFiann,Wikipedia,https://en.wikipedia.org/wiki/Republic_of_Ireland,39,-8.146006147,53.17587985,
Italy,"Italy, officially the Italian Republic, is a country in Southern and Western Europe. It consists of a peninsula that extends into the Mediterranean Sea, with the Alps on its northern land border, as well as nearly 800 islands, notably Sicily and Sardinia. Italy shares land borders with France to the west; Switzerland and Austria to the north; Slovenia to the east; and the two enclaves of Vatican City and San Marino. It is the tenth-largest country in Europe by area, covering 301,340 km2 (116,350 sq mi), and the third-most populous member state of the European Union, with nearly 59 million inhabitants. Italy's capital and largest city is Rome; other major cities include Milan, Naples, Turin, Palermo, Bologna, Florence, Genoa, and Venice.",,https://upload.wikimedia.org/wikipedia/en/thumb/0/03/Flag_of_Italy.svg/250px-Flag_of_Italy.svg.png,https://upload.wikimedia.org/wikipedia/commons/thumb/0/00/Emblem_of_Italy.svg/250px-Emblem_of_Italy.svg.png,,,l Canto degli Italiani,https://en.wikipedia.org/wiki/File:Canto_degli_Italiani_-_Marina_Militare_(strumentale).wav,https://en.wikipedia.org/wiki/Il_Canto_degli_Italiani,Wikipedia,https://en.wikipedia.org/wiki/Italy,20,12.83333,42.83333,Their coats of arms is an emblem
Jamaica,"Jamaica is an island country in the Caribbean, covering 10,990 square kilometres (4,240 sq mi). It is the third-largest island in the Greater Antilles and the Caribbean, after Cuba and the island of Hispaniola. Jamaica lies about 145 km (78 nmi) south of Cuba, 191 km (103 nmi) west of Hispaniola (the island containing Haiti and the Dominican Republic), and 215 km (116 nmi) southeast of the Cayman Islands (a British Overseas Territory). With 2.8 million people, Jamaica is the third most populous Anglophone country in the Americas and the fourth most populous country in the Caribbean. Kingston is the country's capital and largest city.",,https://upload.wikimedia.org/wikipedia/commons/thumb/0/0a/Flag_of_Jamaica.svg/250px-Flag_of_Jamaica.svg.png,https://upload.wikimedia.org/wikipedia/commons/thumb/5/52/Coat_of_arms_of_Jamaica.svg/250px-Coat_of_arms_of_Jamaica.svg.png,"Out of Many, One People",,"Jamaica, Land We Love","https://en.wikipedia.org/wiki/File:%22Jamaica,_Land_We_Love%22,_performed_by_the_United_States_Navy_Band.oga","https://en.wikipedia.org/wiki/Jamaica,_Land_We_Love",Wikipedia,https://en.wikipedia.org/wiki/Jamaica,4,-77.31110641,18.15769529,
Jerusalem,"Jerusalem is a city in the Southern Levant, on a plateau in the Judaean Mountains between the Mediterranean and the Dead Sea. It is one of the oldest cities in the world, and is considered holy to the three major Abrahamic religions—Judaism, Christianity and Islam. Both Israel and Palestine claim Jerusalem as their capital city; Israel maintains its primary governmental institutions there, while Palestine ultimately foresees it as its seat of power. Neither claim is widely recognised internationally.

",,,,,,,,,Wikipedia,https://en.wikipedia.org/wiki/Jerusalem,53,35.21873,31.78003,
Lebanon,"Lebanon, officially the Republic of Lebanon, is a country in the Levant region of West Asia. Situated at the crossroads of the Mediterranean Basin and the Arabian Peninsula, it is bordered by Syria to the north and east, Israel to the south, and the Mediterranean Sea to the west; Cyprus lies a short distance from the coastline. Lebanon has a population of more than five million and an area of 10,452 square kilometres (4,036 sq mi). Beirut is the country's capital and largest city.",,https://upload.wikimedia.org/wikipedia/commons/thumb/5/59/Flag_of_Lebanon.svg/250px-Flag_of_Lebanon.svg.png,,,,كلّنا للوطن---Kullunā li-l-waṭan,https://en.wikipedia.org/wiki/File:Lebanese_national_anthem.ogg,https://en.wikipedia.org/wiki/National_Anthem_of_Lebanon,Wikipedia,https://en.wikipedia.org/wiki/Lebanon,65,35.89342774,33.92144517,
Martinique,"Martinique (/ˌmɑːrtɪˈniːk/ MAR-tin-EEK [maʁtinik] ; Martinican Creole: Matinik or Matnik; Kalinago: Madinina or Madiana) is an island in the Lesser Antilles of the West Indies, in the eastern Caribbean Sea. It was previously known as Iguanacaera which translates to 'Iguana Island' in Kari'nja. A part of the French West Indies (Antilles), Martinique is an overseas department and region and a single territorial collectivity of France.",,https://upload.wikimedia.org/wikipedia/commons/thumb/2/27/Flag-of-Martinique.svg/250px-Flag-of-Martinique.svg.png,https://upload.wikimedia.org/wikipedia/en/thumb/8/8a/Emblem_of_the_Territorial_Collectivity_of_Martinique.png/250px-Emblem_of_the_Territorial_Collectivity_of_Martinique.png,La collectivité au service du pays,,La Marseillaise,https://en.wikipedia.org/wiki/File:La_Marseillaise.ogg,https://en.wikipedia.org/wiki/La_Marseillaise,Wikipedia,https://en.wikipedia.org/wiki/La_Marseillaise,8,-61.01838056,14.65313333,Their coats of arms is an emblem for the overseas french region
Mexico,"Mexico, officially the United Mexican States, is a country in North America. It is considered to be part of Central America by the United Nations geoscheme. It is the northernmost country in Latin America, and borders the United States to the north, and Guatemala and Belize to the southeast; while having maritime boundaries with the Pacific Ocean to the west, the Caribbean Sea to the southeast, and the Gulf of Mexico to the east. Mexico covers 1,972,550 km2 (761,610 sq mi), and is the thirteenth-largest country in the world by land area. With a population exceeding 130 million, Mexico is the tenth-most populous country in the world and is home to the largest number of native Spanish speakers. Mexico City is the capital and largest city, which ranks among the most populous metropolitan areas in the world.",,https://upload.wikimedia.org/wikipedia/commons/thumb/f/fc/Flag_of_Mexico.svg/250px-Flag_of_Mexico.svg.png,https://upload.wikimedia.org/wikipedia/commons/thumb/2/2a/Coat_of_arms_of_Mexico.svg/250px-Coat_of_arms_of_Mexico.svg.png,,,Himno Nacional Mexicano,https://en.wikipedia.org/wiki/File:Himno_Nacional_Mexicano_instrumental.ogg,https://en.wikipedia.org/wiki/Himno_Nacional_Mexicano,Wikipedia,https://en.wikipedia.org/wiki/Mexico,48,-102.5483534,23.95282499,
New Caledonia,"New Caledonia (/ˌkælɪˈdoʊniə/  KAL-ih-DOH-nee-ə; French: Nouvelle-Calédonie [nuvɛl kaledɔni]  is a group of islands in the southwest Pacific Ocean, 220 km (140 mi) southwest of Vanuatu and 1,210 km (750 mi) east of Australia. Located 16,100 km (10,000 mi) from Metropolitan France, it forms a sui generis collectivity of the French Republic, a legal status unique in overseas France, enshrined in a dedicated chapter of the French Constitution and with an on-going project to a status of State of New Caledonia.",,https://upload.wikimedia.org/wikipedia/commons/thumb/2/26/Flags_of_New_Caledonia.svg/500px-Flags_of_New_Caledonia.svg.png,https://upload.wikimedia.org/wikipedia/commons/thumb/d/d0/Emblem_of_New_Caledonia.svg/120px-Emblem_of_New_Caledonia.svg.png,"Terre de parole, terre de partage",,La Marseillaise,https://en.wikipedia.org/wiki/File:La_Marseillaise.ogg,https://en.wikipedia.org/wiki/La_Marseillaise,Wikipedia,https://en.wikipedia.org/wiki/New_Caledonia,26,165.7018418,-21.30779132,Their coats of arms is an emblem
New Zealand,"New Zealand (Māori: Aotearoa, pronounced [aɔˈtɛaɾɔa]) is an island country in the southwestern Pacific Ocean. It consists of two main landmasses—the North Island (Te Ika-a-Māui) and the South Island (Te Waipounamu)—and over 600 smaller islands. It is the sixth-largest island country by area and lies east of Australia across the Tasman Sea and south of the islands of New Caledonia, Fiji, and Tonga. The country's varied topography and sharp mountain peaks, including the Southern Alps (Kā Tiritiri o te Moana), owe much to tectonic uplift and volcanic eruptions. New Zealand's capital city is Wellington, and its most populous city is Auckland.",,https://upload.wikimedia.org/wikipedia/commons/thumb/3/3e/Flag_of_New_Zealand.svg/250px-Flag_of_New_Zealand.svg.png,https://upload.wikimedia.org/wikipedia/commons/thumb/d/d3/Coat_of_arms_of_New_Zealand.svg/250px-Coat_of_arms_of_New_Zealand.svg.png,,,God Defend New Zealand,"https://en.wikipedia.org/wiki/File:New_Zealand_national_anthem,_performed_by_the_United_States_Navy_Band.wav",https://en.wikipedia.org/wiki/God_Defend_New_Zealand,Wikipedia,https://en.wikipedia.org/wiki/New_Zealand,59,172.3434325,-42.28723356,
Nigeria,"Nigeria, officially the Federal Republic of Nigeria, is a country in West Africa.[10] It is situated between the Sahel to the north and the Gulf of Guinea in the Atlantic Ocean to the south. It covers an area of 923,769 square kilometres (356,669 sq mi). With a population of more than 230 million, it is the most populous country in Africa, and the world's sixth-most populous country. Nigeria borders Niger in the north, Chad in the northeast, Cameroon in the east, and Benin in the west. Nigeria is a federal republic comprising 36 states and the Federal Capital Territory, where its capital, Abuja, is located. The largest city in Nigeria by population is Lagos, one of the largest metropolitan areas in the world and the largest in Africa.",,https://upload.wikimedia.org/wikipedia/commons/thumb/7/79/Flag_of_Nigeria.svg/330px-Flag_of_Nigeria.svg.png,https://upload.wikimedia.org/wikipedia/commons/thumb/b/bc/Coat_of_arms_of_Nigeria.svg/250px-Coat_of_arms_of_Nigeria.svg.png,"Unity and Faith, Peace and Progress",,"Nigeria, We Hail Thee","https://en.wikipedia.org/wiki/File:Nigeria_national_anthem_Nigeria,_We_hail_thee_midi.mid","https://en.wikipedia.org/wiki/Nigeria,_We_Hail_Thee",Wikipedia,https://en.wikipedia.org/wiki/Nigeria,31,8.106777828,9.593696882,
Peru,"Peru, officially the Republic of Peru, is a country in western South America. It is bordered to the north by Ecuador and Colombia, to the east by Brazil, to the southeast by Bolivia, to the south by Chile, and to the south and west by the Pacific Ocean. Peru is a megadiverse country, with habitats ranging from the arid plains of the Pacific coastal region in the west, to the peaks of the Andes mountains extending from the north to the southeast of the country, to the tropical Amazon basin rainforest in the east with the Amazon River. Peru has a population of over 32 million, and its capital and largest city is Lima. At 1,285,216 km2 (496,225 sq mi), Peru is the 19th largest country in the world, and the third largest in South America.",,https://upload.wikimedia.org/wikipedia/commons/thumb/c/cf/Flag_of_Peru.svg/250px-Flag_of_Peru.svg.png,https://upload.wikimedia.org/wikipedia/commons/thumb/c/cc/Escudo_nacional_del_Per%C3%BA.svg/250px-Escudo_nacional_del_Per%C3%BA.svg.png,Firme y feliz por la unión,,Himno Nacional del Perú,https://en.wikipedia.org/wiki/File:United_States_Navy_Band_-_Marcha_Nacional_del_Per%C3%BA.ogg,https://en.wikipedia.org/wiki/National_Anthem_of_Peru,Wikipedia,https://en.wikipedia.org/wiki/Peru,6,-76,-10,
Portugal,"Portugal, officially the Portuguese Republic, is a country on the Iberian Peninsula in Southwestern Europe. Featuring the westernmost point in continental Europe, Portugal borders Spain to its north and east, with which it shares the longest uninterrupted border in the European Union; to the south and the west is the North Atlantic Ocean; and to the west and southwest lie the Macaronesian archipelagos of the Azores and Madeira, which are the two autonomous regions of Portugal. Lisbon is the capital and largest city, followed by Porto, which is the only other metropolitan area.",,https://upload.wikimedia.org/wikipedia/commons/thumb/a/a8/Flag_of_Portugal_%28official%29.svg/250px-Flag_of_Portugal_%28official%29.svg.png,https://upload.wikimedia.org/wikipedia/commons/thumb/1/15/Coat_of_arms_of_Portugal.svg/250px-Coat_of_arms_of_Portugal.svg.png,,,A Portuguesa,https://en.wikipedia.org/wiki/File:Hino_Nacional_da_Republica_Portuguesa.ogg,https://en.wikipedia.org/wiki/A_Portuguesa,Wikipedia,https://en.wikipedia.org/wiki/Portugal,55,-8.51981299,39.59313905,
Puerto Rico,"Puerto Rico (abbreviated PR), officially the Commonwealth of Puerto Rico, is a self-governing Caribbean archipelago and island organized as an unincorporated territory of the United States under the designation of commonwealth. Located about 1,000 miles (1,600 km) southeast of Miami, Florida, between the Dominican Republic in the Greater Antilles and the U.S. Virgin Islands in the Lesser Antilles, it consists of the eponymous main island and numerous smaller islands, including Vieques, Culebra, and Mona. With approximately 3.2 million residents, it is divided into 78 municipalities, of which the most populous is the capital municipality of San Juan, followed by those within the San Juan metropolitan area. Spanish and English are the official languages of the government, though Spanish predominates.",,https://upload.wikimedia.org/wikipedia/commons/thumb/2/28/Flag_of_Puerto_Rico.svg/250px-Flag_of_Puerto_Rico.svg.png,https://upload.wikimedia.org/wikipedia/commons/thumb/3/36/Coat_of_arms_of_the_Commonwealth_of_Puerto_Rico.svg/250px-Coat_of_arms_of_the_Commonwealth_of_Puerto_Rico.svg.png,Joannes est nomen ejus,,La Borinqueña,https://en.wikipedia.org/wiki/File:United_States_Navy_Band_-_La_Borinque%C3%B1a.ogg,https://en.wikipedia.org/wiki/La_Borinque%C3%B1a,Wikipedia,https://en.wikipedia.org/wiki/Puerto_Rico,37,-66.46895343,18.2226065,
Russia,"Russia, or the Russian Federation, is a country spanning Eastern Europe and North Asia. It is the largest country in the world, and extends across eleven time zones, sharing land borders with fourteen countries. With over 140 million people, Russia is the most populous country in Europe and the ninth-most populous in the world. It is a highly urbanised country, with sixteen of its urban areas having more than 1 million inhabitants. Moscow, the most populous metropolitan area in Europe, is the capital and largest city of Russia, while Saint Petersburg is its second-largest city and cultural centre.",,https://upload.wikimedia.org/wikipedia/en/thumb/f/f3/Flag_of_Russia.svg/250px-Flag_of_Russia.svg.png,https://upload.wikimedia.org/wikipedia/commons/thumb/f/f2/Coat_of_Arms_of_the_Russian_Federation.svg/250px-Coat_of_Arms_of_the_Russian_Federation.svg.png,,,Государственный гимн Российской Федерации(Gosudarstvennyy gimn Rossiyskoy Federatsii),"https://en.wikipedia.org/wiki/File:National_Anthem_of_Russia_(2000),_instrumental,_one_verse.ogg",https://en.wikipedia.org/wiki/National_anthem_of_Russia,Wikipedia,https://en.wikipedia.org/wiki/Russia,58,96.80537153,61.98952618,
Serbia,"Serbia, officially the Republic of Serbia, is a landlocked country in Southeast and Central Europe. Located in the Balkans, it borders Hungary to the north, Romania to the northeast, Bulgaria to the southeast, North Macedonia to the south, Croatia to the northwest, Bosnia and Herzegovina to the west, and Montenegro to the southwest. Serbia also claims to share a border with Albania through the disputed territory of Kosovo. Serbia has about 6.6 million inhabitants, excluding Kosovo. Serbia’s capital, Belgrade is also the largest city in the country.",,https://upload.wikimedia.org/wikipedia/commons/thumb/f/ff/Flag_of_Serbia.svg/250px-Flag_of_Serbia.svg.png,https://upload.wikimedia.org/wikipedia/commons/thumb/9/96/Coat_of_arms_of_Serbia.svg/250px-Coat_of_arms_of_Serbia.svg.png,,,Боже правде(Bože pravde),"https://en.wikipedia.org/wiki/File:National_anthem_of_Serbia,_performed_by_the_United_States_Navy_Band.wav",https://en.wikipedia.org/wiki/Bo%C5%BEe_pravde,Wikipedia,https://en.wikipedia.org/wiki/Serbia,46,20.80455052,44.02936464,
Spain,"Spain, officially the Kingdom of Spain, is a country in Southern and Western Europe with territories in North Africa. Featuring the southernmost point of continental Europe, it is the largest country in Southern Europe and the fourth-most populous European Union (EU) member state. Spanning the majority of the Iberian Peninsula, its territory also includes the Canary Islands, in the Eastern Atlantic Ocean, the Balearic Islands, in the Western Mediterranean Sea, and the autonomous cities of Ceuta and Melilla, in mainland Africa. Peninsular Spain is bordered to the north by France, Andorra, and the Bay of Biscay; to the east and south by the Mediterranean Sea and Gibraltar; and to the west by Portugal and the Atlantic Ocean. Spain's capital and largest city is Madrid; other major urban areas include Barcelona, Valencia, Seville, Zaragoza, Málaga, Murcia, and Palma de Mallorca.",,https://upload.wikimedia.org/wikipedia/en/thumb/9/9a/Flag_of_Spain.svg/250px-Flag_of_Spain.svg.png,https://upload.wikimedia.org/wikipedia/commons/thumb/5/56/Coat_of_Arms_of_Spain_%28corrections_of_heraldist_requests%29.svg/250px-Coat_of_Arms_of_Spain_%28corrections_of_heraldist_requests%29.svg.png,Plus ultra ,,Marcha Real,https://en.wikipedia.org/wiki/File:Himno_Nacional_de_Espa%C3%B1a.ogg,https://en.wikipedia.org/wiki/Marcha_Real,Wikipedia,https://en.wikipedia.org/wiki/Spain,2,-3.646063105,40.22794966,
St. Kitts and Nevis,"Saint Kitts and Nevis, officially the Federation of Saint Kitts and Nevis, is an island country located in the Caribbean consisting of the two islands of Saint Kitts and Nevis, in the Leeward Islands chain of the Lesser Antilles. With 261 square kilometres (101 sq mi) of territory, and roughly 48,000 inhabitants, it is the smallest sovereign state in the Western Hemisphere, in both area and population, as well as the world's smallest sovereign federation.The country is a Commonwealth realm, with Charles III as king and head of state.",,https://upload.wikimedia.org/wikipedia/commons/thumb/f/fe/Flag_of_Saint_Kitts_and_Nevis.svg/1599px-Flag_of_Saint_Kitts_and_Nevis.svg.png,https://upload.wikimedia.org/wikipedia/commons/thumb/1/1e/Coat_of_Arms_of_Saint_Kitts_and_Nevis.svg/960px-Coat_of_Arms_of_Saint_Kitts_and_Nevis.svg.png,Country Above Self,,O Land of Beauty!,https://en.wikipedia.org/wiki/File:United_States_Navy_Band_-_O_Land_of_Beauty.ogg,https://en.wikipedia.org/wiki/O_Land_of_Beauty!,Wikipedia,https://en.wikipedia.org/wiki/Saint_Kitts_and_Nevis,41,-62.76560385,17.33971169,
St. Lucia,"Saint Lucia is an island country in the eastern Caribbean. Part of the Windward Islands of the Lesser Antilles, it is located north/northeast of the island of Saint Vincent, northwest of Barbados and south of Martinique. It covers a land area of 617 km2 (238 square miles) with an estimated population of over 180,000 people as of 2018. The nation's capital and largest city is Castries.",,https://upload.wikimedia.org/wikipedia/commons/thumb/9/9f/Flag_of_Saint_Lucia.svg/250px-Flag_of_Saint_Lucia.svg.png,https://upload.wikimedia.org/wikipedia/commons/thumb/9/9b/Coat_of_arms_of_Saint_Lucia.svg/250px-Coat_of_arms_of_Saint_Lucia.svg.png,"The Land, The People, The Light",,Sons and Daughters of Saint Lucia,https://en.wikipedia.org/wiki/File:National_Anthem_of_Saint_Lucia.ogg,https://en.wikipedia.org/wiki/Sons_and_Daughters_of_Saint_Lucia,Wikipedia,https://en.wikipedia.org/wiki/Saint_Lucia,16,-60.96730046,13.89863973,
St. Martin,"Saint Martin is an island in Leeward Islands of the Lesser Antilles in the northeastern Caribbean, approximately 300 km (190 mi) east of Puerto Rico. The 87 km2 (34 sq mi) island is divided roughly 60:40 between France (53 km2 or 20 sq mi) and the Kingdom of the Netherlands (34 km2 or 13 sq mi), but the Dutch part is more populated than the French. Divided since 1648, the northern French part comprises the Collectivity of Saint Martin and is an overseas collectivity of France. The southern Dutch part comprises Sint Maarten and is one of four constituent countries that form the Kingdom of the Netherlands. Even though the island is an overseas possession of two European Union member states, only the French part of the island is part of the EU.",,https://upload.wikimedia.org/wikipedia/commons/thumb/2/20/Flag_of_Saint_Martin_island_%28Unification_flag%29.svg/500px-Flag_of_Saint_Martin_island_%28Unification_flag%29.svg.png,,,,,,,Wikipedia,https://en.wikipedia.org/wiki/Saint_Martin_(island),50,-63.06108125,18.07951726,sint maarten vs saint martin
St. Vincent & the Grenadines,"Saint Vincent and the Grenadines, sometimes known simply as Saint Vincent or SVG, is an island country in the eastern Caribbean. It is located in the southeast Windward Islands of the Lesser Antilles, which lie in the West Indies, at the southern end of the eastern border between the Caribbean Sea and the Atlantic Ocean. To the north lies Saint Lucia, to the east is Barbados, and Grenada lies to the south.",,https://upload.wikimedia.org/wikipedia/commons/thumb/6/6d/Flag_of_Saint_Vincent_and_the_Grenadines.svg/250px-Flag_of_Saint_Vincent_and_the_Grenadines.svg.png,https://upload.wikimedia.org/wikipedia/commons/thumb/5/5d/Coat_of_arms_of_Saint_Vincent_and_the_Grenadines.svg/848px-Coat_of_arms_of_Saint_Vincent_and_the_Grenadines.svg.png,Pax et Justitia,,"Saint Vincent, Land So Beautiful","https://en.wikipedia.org/wiki/File:National_anthem_of_Saint_Vincent_and_the_Grenadines,_performed_by_the_United_States_Navy_Band.oga","https://en.wikipedia.org/wiki/Saint_Vincent,_Land_So_Beautiful",Wikipedia,https://en.wikipedia.org/wiki/Saint_Vincent_and_the_Grenadines,42,-61.20075147,13.20184062,
Suriname,"Suriname, officially the Republic of Suriname, is a country in northern South America, also considered as part of the Caribbean and the West Indies. Situated slightly north of the equator, over 90% of its territory is covered by rainforest, the highest proportion of forest cover in the world. Suriname is bordered by the Atlantic Ocean to the north, French Guiana to the east, Guyana to the west, and Brazil to the south. It is the smallest country in South America by both population and territory, with around 612,985 inhabitants in 2021 in an area of approximately 163,820 square kilometers (63,251 square miles). The capital and largest city is Paramaribo, which is home to roughly half the population.",,https://upload.wikimedia.org/wikipedia/commons/thumb/6/60/Flag_of_Suriname.svg/250px-Flag_of_Suriname.svg.png,https://upload.wikimedia.org/wikipedia/commons/thumb/6/6f/Coat_of_arms_of_Suriname.svg/250px-Coat_of_arms_of_Suriname.svg.png,Justitia – Pietas – Fides,, God zij met ons Suriname,"https://en.wikipedia.org/wiki/File:Surinamese_national_anthem,_performed_by_the_U.S._Navy_Band.ogg",https://en.wikipedia.org/wiki/God_zij_met_ons_Suriname,Wikipedia,https://en.wikipedia.org/wiki/Suriname,43,-56.01360781,3.931777409,
Trinidad & Tobago,"Trinidad and Tobago, officially the Republic of Trinidad and Tobago, is the southernmost island country in the Caribbean, comprising the main islands of Trinidad and Tobago, along with several smaller islets. The capital city is Port of Spain, while its largest and most populous municipality is Chaguanas. Despite its proximity to South America, Trinidad and Tobago is generally considered to be part of the Caribbean.",,https://upload.wikimedia.org/wikipedia/commons/thumb/6/64/Flag_of_Trinidad_and_Tobago.svg/1600px-Flag_of_Trinidad_and_Tobago.svg.png,https://upload.wikimedia.org/wikipedia/commons/thumb/d/d2/Coat_of_arms_of_Trinidad_and_Tobago_%282025%29.svg/250px-Coat_of_arms_of_Trinidad_and_Tobago_%282025%29.svg.png,"Together we aspire, together we achieve",,Forged from the Love of Liberty,https://en.wikipedia.org/wiki/File:Forged_from_the_Love_of_Liberty_(instrumental).ogg,https://en.wikipedia.org/wiki/Forged_from_the_Love_of_Liberty,Wikipedia,https://en.wikipedia.org/wiki/Trinidad_and_Tobago,3,-61.26048814,10.47267428,
Ukraine,"Ukraine is a country in Eastern Europe. It is the second-largest country in Europe after Russia, which borders it to the east and northeast. Ukraine also borders Belarus to the north; Poland and Slovakia to the west; Hungary, Romania and Moldova[c] to the southwest; and the Black Sea and the Sea of Azov to the south and southeast. Kyiv is the nation's capital and largest city, followed by Kharkiv, Odesa, and Dnipro. Ukraine's official language is Ukrainian.",,https://upload.wikimedia.org/wikipedia/commons/thumb/4/49/Flag_of_Ukraine.svg/250px-Flag_of_Ukraine.svg.png,https://upload.wikimedia.org/wikipedia/commons/thumb/c/cf/Coat_of_Arms_of_Ukraine.svg/250px-Coat_of_Arms_of_Ukraine.svg.png,,,Державний гімн України(Derzhavnyi himn Ukrainy),"https://en.wikipedia.org/wiki/File:National_anthem_of_Ukraine,_instrumental.oga",https://en.wikipedia.org/wiki/National_anthem_of_Ukraine,Wikipedia,https://en.wikipedia.org/wiki/Ukraine,60,31.37492605,49.02689837,
United States of America,"The United States of America (USA), also known as the United States (U.S.) or America, is a country primarily located in North America. It is a federal republic of 50 states and a federal capital district, Washington, D.C. The 48 contiguous states border Canada to the north and Mexico to the south, with the semi-exclave of Alaska in the northwest and the archipelago of Hawaii in the Pacific Ocean. The United States also asserts sovereignty over five major island territories and various uninhabited islands in Oceania and the Caribbean. It is a megadiverse country, with the world's third-largest land area and third-largest population, exceeding 340 million.",,https://upload.wikimedia.org/wikipedia/commons/thumb/7/71/Flag_of_the_United_States_%28Web_Colors%29.svg/250px-Flag_of_the_United_States_%28Web_Colors%29.svg.png,https://upload.wikimedia.org/wikipedia/commons/thumb/5/5b/Greater_coat_of_arms_of_the_United_States.svg/250px-Greater_coat_of_arms_of_the_United_States.svg.png,In God We Trust,,The Star-Spangled Banner,https://en.wikipedia.org/wiki/File:Star_Spangled_Banner_instrumental.ogg,https://en.wikipedia.org/wiki/The_Star-Spangled_Banner,Wikipedia,https://en.wikipedia.org/wiki/United_States,1,-99.41461919,39.39870316,
US Virgin Islands,"The United States Virgin Islands, officially the Virgin Islands of the United States, are a group of Caribbean islands and a territory of the United States. The islands are geographically part of the Virgin Islands archipelago and are located in the Leeward Islands of the Lesser Antilles. The islands have a tropical climate.",,https://upload.wikimedia.org/wikipedia/commons/thumb/f/f8/Flag_of_the_United_States_Virgin_Islands.svg/250px-Flag_of_the_United_States_Virgin_Islands.svg.png,https://upload.wikimedia.org/wikipedia/commons/thumb/8/80/Seal_of_the_United_States_Virgin_Islands.svg/1200px-Seal_of_the_United_States_Virgin_Islands.svg.png,United in Pride and Hope,,Virgin Islands March,https://en.wikipedia.org/wiki/File:Regional_anthem_of_the_United_States_Virgin_Islands.wav,https://en.wikipedia.org/wiki/Virgin_Islands_March,Wikipedia,https://en.wikipedia.org/wiki/United_States_Virgin_Islands,64,-64.8190875,17.72811445,
Venezuela,"Venezuela, officially the Bolivarian Republic of Venezuela, is a country on the northern coast of South America, consisting of a continental landmass and many islands and islets in the Caribbean Sea. It comprises an area of 916,445 km2 (353,841 sq mi), and its population was estimated at 29 million in 2022. The capital and largest urban agglomeration is the city of Caracas. The continental territory is bordered on the north by the Caribbean Sea and the Atlantic Ocean, on the west by Colombia, Brazil on the south, Trinidad and Tobago to the north-east and on the east by Guyana. Venezuela consists of 23 states, the Capital District, and federal dependencies covering Venezuela's offshore islands. Venezuela is among the most urbanized countries in Latin America; the vast majority of Venezuelans live in the cities of the north and in the capital.",,https://upload.wikimedia.org/wikipedia/commons/thumb/0/06/Flag_of_Venezuela.svg/250px-Flag_of_Venezuela.svg.png,https://upload.wikimedia.org/wikipedia/commons/thumb/4/46/Coat_of_arms_of_Venezuela.svg/250px-Coat_of_arms_of_Venezuela.svg.png,Dios y Federación,https://en.wikipedia.org/wiki/Dios_y_Federaci%C3%B3n,Gloria al Bravo Pueblo,https://en.wikipedia.org/wiki/File:United_States_Navy_Band_-_Gloria_al_Bravo_Pueblo.ogg,https://en.wikipedia.org/wiki/Gloria_al_Bravo_Pueblo,Wikipedia,https://en.wikipedia.org/wiki/Venezuela,7,-66.16282029,7.1207338,
Wales,"Wales (Welsh: Cymru [ˈkəmrɨ]) is a country that is part of the United Kingdom on the island of Great Britain. It is bordered by the Irish Sea to the north and west, England to the east, the Bristol Channel to the south, and the Celtic Sea to the south-west. As of 2021, it had a population of 3.2 million. It has a total area of 21,218 square kilometres (8,192 sq mi) and over 2,700 kilometres (1,680 mi) of coastline. It is largely mountainous with its higher peaks in the north and central areas, including Snowdon (Yr Wyddfa), its highest summit. The country lies within the north temperate zone and has a changeable, maritime climate. Its capital and largest city is Cardiff.",,https://upload.wikimedia.org/wikipedia/commons/thumb/d/dc/Flag_of_Wales.svg/250px-Flag_of_Wales.svg.png,https://upload.wikimedia.org/wikipedia/commons/thumb/5/5f/Royal_Badge_of_Wales_%282008-2024%29.svg/250px-Royal_Badge_of_Wales_%282008-2024%29.svg.png,,,Hen Wlad Fy Nhadau,https://en.wikipedia.org/wiki/File:Hen_Wlad_fy_Nhadau_piano.ogg,https://en.wikipedia.org/wiki/Hen_Wlad_Fy_Nhadau,Wikipedia,https://en.wikipedia.org/wiki/Wales,13,-3.765222579,52.33716388,Their coats of emblem is a royal badge